{
  "actors": [
    {
      "name": "Brad Pitt",
      "description": "William Bradley 'Brad' Pitt is an American actor and film producer. He has received a Golden Globe Award, a Screen Actors Guild Award, and three Academy Award nominations in acting categories",
      "dob": "December 18, 1963",
      "country": "http://www.wingnity.com/blog/android-json-parsing-and-image-loading-tutorial/",
      "height": "1.80 m",
      "spouse": "Jennifer Aniston",
      "children": "Shiloh Nouvel Jolie-Pitt, Maddox Chivan Jolie-Pitt",
      "image": "http://microblogging.wingnity.com/JSONParsingTutorial/brad.jpg"
    },
    {
      "name": "Tom Cruise",
      "description": "Tom Cruise, is an American film actor and producer. He has been nominated for three Academy Awards and has won three Golden Globe Awards. He started his career at age 19 in the 1981 film Endless Love.",
      "dob": "July 3, 1962",
      "country": "United States",
      "height": "1.70 m",
      "spouse": "Katie Holmes",
      "children": "Suri Cruise, Isabella Jane Cruise, Connor Cruise",
      "image": "http://microblogging.wingnity.com/JSONParsingTutorial/cruise.jpg"
    },
    {
      "name": "Johnny Depp",
      "description": "John Christopher 'Johnny' Depp II is an American actor, film producer, and musician. He has won the Golden Globe Award and Screen Actors Guild award for Best Actor.",
      "dob": "June 9, 1963",
      "country": "United States",
      "height": "1.78 m",
      "spouse": "Lori Anne Allison",
      "children": "Lily-Rose Melody Depp, John 'Jack' Christopher Depp III",
      "image": "http://microblogging.wingnity.com/JSONParsingTutorial/johnny.jpg"
    },
    {
      "name": "Angelina Jolie",
      "description": "Angelina Jolie is an American actress, film director, screenwriter, and author. She has received an Academy Award, two Screen Actors Guild Awards, and three Golden Globe Awards.",
      "dob": "June 4, 1975",
      "country": "United States",
      "height": "1.69 m",
      "spouse": "Brad Pitt",
      "children": "Shiloh Nouvel Jolie-Pitt, Maddox Chivan Jolie-Pitt",
      "image": "http://microblogging.wingnity.com/JSONParsingTutorial/jolie.jpg"
    },
    {
      "name": "Tom Hanks",
      "description": "Thomas Jeffrey 'Tom' Hanks is an American actor, producer, writer, and director. Hanks is best known for his roles in Big, A League of Their Own, Sleepless in Seattle, Forrest Gump, Apollo 13.",
      "dob": "July 9, 1956",
      "country": "United States",
      "height": "1.83 m",
      "spouse": "Rita Wilson",
      "children": "Colin Hanks, Chet Hanks, Elizabeth Ann Hanks, Truman Theodore Hanks",
      "image": "http://microblogging.wingnity.com/JSONParsingTutorial/tom.jpg"
    },
    {
      "name": "Will Smith",
      "description": "Willard Carroll 'Will' Smith, Jr. is an American actor, producer, and rapper. He has enjoyed success in television, film, and music.",
      "dob": "September 25, 1968",
      "country": "United States",
      "height": "1.88 m",
      "spouse": "Jada Pinkett Smith",
      "children": "Jaden Smith, Willow Smith, Trey Smith",
      "image": "http://microblogging.wingnity.com/JSONParsingTutorial/will.jpg"
    }
  ]
}