{
  "actors": [
    {
	"title":""
	"image":"",
    "description":""
    },
    {
   "title":""
	"image":"",
    "description":""
    },
	{
	"title":""
	"image":"",
    "description":""
    },
    {
   "title":""
	"image":"",
    "description":""
    },
	{
	"title":""
	"image":"",
    "description":""
    },
    {
   "title":""
	"image":"",
    "description":""
    },
	{
	"title":""
	"image":"",
    "description":""
    },
    {
   "title":""
	"image":"",
    "description":""
    }
  ]
}