{
  "actors": [
    {
     "image": "http://istevesit.org/images/sponsors/1.png"
    },
    {
     "image": "http://istevesit.org/images/sponsors/2.png"
    },
    {
     "image": "http://istevesit.org/images/sponsors/3.jpg"
    },
    {
     "image": "http://istevesit.org/images/sponsors/4.png"
    },
    {
     "image": "http://istevesit.org/images/sponsors/5.png"
    },
    {
     "image": "http://company.directory.bizbilla.com/directoryimages/KIC-Education.jpg"
    }
  ]
}